tgrowden,5008,200,199,523073000,165180000,357893000,1,1
PratikH1,5040,47,4,495000,,,0,0
rbaxter08,5037,2,42,513000,,,0,0
rbaxter08,5035,2,2,2236000,,,0,0
kishorsharma,4998,42,2,626673000,,,0,0
dnln,5017,571,31,183613000,175634000,7979000,6,2
PratikH1,5024,284,11825,93272000,,,0,0
kishorsharma,5032,0,8,9208000,,,0,0
rbaxter08,5029,74,49,66862000,,,0,0
kishorsharma,5016,10281,79,164522000,,,0,0
larasanders-h1,5012,685,590,167561000,67183000,100378000,1,1
rbaxter08,5027,45,32,280000,,,0,0
jflewis,5026,62,47,2149000,,,0,0
caleb-mahala-h1,5025,146,140,529000,,,0,0
djj211,4988,36,21,679592000,,,0,0
chandraH1,4962,104,64,1304003000,5831000,1298172000,4,4
chandraH1,5005,3662,84,175026000,170988000,4038000,2,2
caleb-mahala-h1,5019,51,40,35526000,,,0,0
jflewis,5022,2,150,1239000,,,0,0
rbaxter08,5018,337,2,11549000,,,0,0
caleb-mahala-h1,5007,7,3,95301000,,,0,0
tgrowden,5009,2,1,76430000,,,0,0
rbaxter08,5013,188,69,62318000,40005000,22313000,1,1
kishorsharma,5014,359,15,18218000,16038000,2180000,2,2
rbaxter08,5011,64,149,62715000,,,0,0
rbaxter08,5010,56,32,63279000,,,0,0
kishorsharma,4991,9,5,519187000,27585000,491602000,1,1
kishorsharma,4979,2375,74,619056000,601303000,17753000,2,2
rbaxter08,5006,1045,3,1237000,384000,853000,1,0
rbaxter08,4980,262,247,596768000,172926000,423842000,1,0
rbaxter08,5002,390,289,70687000,119000,70568000,3,0
caleb-mahala-h1,4983,1412,124,589712000,,,0,0
rbaxter08,5001,681,266,1921000,726000,1195000,9,2
dnln,4987,53,36,437009000,,,0,0
djj211,5000,67,33,239273000,,,0,0
shreenathm97,4978,30,21,522963000,,,0,0
dnln,4992,1,1,78179000,,,0,0
shreenathm97,4927,35,29,1376248000,,,0,0
shreenathm97,4923,164,115,1454544000,821900000,632644000,1,1
kishorsharma,4996,4,1,3526000,,,0,0
rbaxter08,4981,86,117,172339000,,,0,0
kishorsharma,4993,24,6,8139000,,,0,0
rbaxter08,4989,108,26,75029000,,,0,0
jflewis,4990,15,4,71529000,,,0,0
caleb-mahala-h1,4885,527,252,2921099000,1337000,2919762000,9,7
dnln,4948,553,332,782900000,3904000,778996000,1,1
chandraH1,4971,704,119,520464000,1670000,518794000,1,1
kishorsharma,4982,25,9,75227000,,,0,0
tgrowden,4972,45,32,460318000,,,0,0
jflewis,4984,39,30,7102000,,,0,0
jflewis,4985,1,0,516000,,,0,0
djj211,4977,145,288,347689000,,,0,0
rbaxter08,4976,64,7,350545000,,,0,0
tgrowden,4954,884,326,264282000,544000,263738000,2,2
djj211,4969,53,31,150752000,,,0,0
djj211,4968,16,2,152242000,,,0,0
djj211,4970,32,8,148101000,,,0,0
shreenathm97,4975,2,2,63837000,,,0,0
kishorsharma,4952,38,18,239955000,3882000,236073000,1,1
kishorsharma,4963,25,15,154487000,,,0,0
shreenathm97,4973,1,1,4670000,,,0,0
djj211,4967,59,70,81740000,,,0,0
jflewis,4966,1,1,74829000,,,0,0
nadeemsaleh,4960,57,43,84268000,8825000,75443000,1,0
PratikH1,4965,3,1,10669000,,,0,0
tgrowden,4958,92,60,86639000,,,0,0
rbaxter08,4964,36,35,466000,16000,450000,1,0
rbaxter08,4959,29,29,47642000,,,0,0
prabhjotarora,4953,45,18,13719000,2494000,11225000,1,1
rbaxter08,4956,50,17,5689000,25000,5664000,5,0
jflewis,4955,119,37,6305000,,,0,0
djj211,4957,3,2,904000,,,0,0
dnln,4920,101,45,1563585000,,,0,0
djj211,4951,172,67,68324000,68178000,146000,1,1
rbaxter08,4934,320,2591,511072000,,,0,0
chandraH1,4947,562,73,88211000,84337000,3874000,10,10
rbaxter08,4946,583,163,87742000,104000,87638000,2,0
jflewis,4931,296,19,515995000,,,0,0
kishorsharma,4945,1221,48,87143000,19372000,67771000,6,6
djj211,4949,72,34,79714000,,,0,0
dnln,4943,353,200,330712000,276842000,53870000,1,1
dnln,4935,249,166,439738000,72151000,367587000,1,1
dnln,4930,754,559,450819000,,,0,0
dnln,4928,295,218,455970000,,,0,0
caleb-mahala-h1,4933,36,19,440749000,2796000,437953000,1,1
PratikH1,4862,44,1,2426472000,,,0,0
djj211,4944,498,249,260764000,251269000,9495000,2,2
PratikH1,2628,4050,61,39651000,36747000,2904000,3,3
PratikH1,2632,4,4,250000,,,0,0
djj211,4932,344,118,424343000,,,0,0
djj211,4905,253,72,1463641000,60115000,1403526000,1,1
djj211,4901,313,71,1476795000,,,0,0
djj211,4940,15,15,16135000,,,0,0
jflewis,4941,96,71,10337000,,,0,0
nadeemsaleh,4894,551,223,1476735000,1391075000,85660000,1,1
djj211,4918,858,277,1201188000,1198000,1199990000,1,1
djj211,4937,99,60,85545000,,,0,0
caleb-mahala-h1,4936,6,2,70131000,,,0,0
chandraH1,4929,47,37,50186000,,,0,0
jflewis,4917,8,1,1118745000,,,0,0
shreenathm97,4891,1675,69,1386689000,102851000,1283838000,1,1
djj211,4926,3,8,57050000,,,0,0
caleb-mahala-h1,4925,7,4,67873000,,,0,0
caleb-mahala-h1,4922,67,26,1031903000,,,0,0
djj211,4910,83,52,1132768000,,,0,0
chandraH1,4915,380,167,1044589000,1034767000,9822000,2,2
rbaxter08,4924,9,4,5930000,,,0,0
chandraH1,4913,150,60,1036552000,,,0,0
rbaxter08,4921,17,17,5000,,,0,0
rbaxter08,4902,259,61,244530000,40000,244490000,6,1
jflewis,4914,7,3,11108000,,,0,0
jflewis,4916,62,39,8533000,,,0,0
asensf,4912,59,22,25607000,101000,25506000,2,0
caleb-mahala-h1,4837,196,57,1386754000,179548000,1207206000,2,2
chandraH1,4875,4,11,613807000,,,0,0
rbaxter08,4911,4,3,933000,,,0,0
rbaxter08,4903,3,2,1696000,,,0,0
djj211,4868,192,15,696332000,,,0,0
rbaxter08,4908,41,54,1269000,,,0,0
rbaxter08,4907,10,31,2835000,,,0,0
rbaxter08,4906,119,49,49000,,,0,0
caleb-mahala-h1,4900,71,7,81385000,,,0,0
rbaxter08,4881,5032,7455,490354000,203000,490151000,11,0
djj211,4904,23,10,10760000,,,0,0
adamrisser,4896,99,9,65295000,97000,65198000,2,1
rbaxter08,4878,597,309,425998000,89916000,336082000,2,2
rbaxter08,4848,65,26,1034823000,,,0,0
djj211,4853,237,92,1016295000,680473000,335822000,2,2
rbaxter08,4880,5,754,369178000,,,0,0
jflewis,4860,4,4,874791000,,,0,0
djj211,4897,6,2,1892000,,,0,0
djj211,4892,1808,43,22150000,91000,22059000,2,0
djj211,4893,713,11,17960000,17390000,570000,1,1
djj211,4895,302,5,12472000,,,0,0
adamrisser,4866,355,188,583110000,69833000,513277000,6,3
adamrisser,4886,3,3,158394000,,,0,0
adamrisser,4890,2,2,61425000,,,0,0
adamrisser,4889,1,2,65403000,,,0,0
adamrisser,4888,13,9,72510000,,,0,0
adamrisser,4887,1,1,152162000,,,0,0
djj211,4854,36,1,680714000,,,0,0
dnln,4873,5,5,162784000,,,0,0
dnln,4849,86,40,685679000,683534000,2145000,1,1
chandraH1,4883,1,1,1402000,,,0,0
caleb-mahala-h1,4872,11,3,155369000,,,0,0
caleb-mahala-h1,4871,24,1,155383000,,,0,0
rbaxter08,4882,16,4,1172000,,,0,0
caleb-mahala-h1,4877,10,8,14039000,159000,13880000,3,1
caleb-mahala-h1,4879,79,31,1548000,,,0,0
adamrisser,4858,58,86,537351000,,,0,0
felix-h1,4864,313,226,254858000,152297000,102561000,5,5
chandraH1,4874,42,0,35064000,,,0,0
rbaxter08,4869,7181,304,179467000,,,0,0
asensf,4867,11,5,201695000,201450000,245000,1,0
kishorsharma,4782,676,1,1993556000,542223000,1451333000,8,8
dnln,4863,10,5,176020000,,,0,0
kishorsharma,4720,24,13,3141118000,16787000,3124331000,2,2
shreenathm97,4826,11752,785,1050967000,530967000,520000000,2,2
chandraH1,4818,273,8,1159169000,,,0,0
caleb-mahala-h1,4870,17,4,1581000,,,0,0
prabhjotarora,4857,60,52,389770000,,,0,0
vigneshr1905,4788,1620,301,1741241000,74942000,1666299000,22,22
caleb-mahala-h1,4865,27,19,65574000,,,0,0
dnln,4797,123,29,1553018000,868060000,684958000,1,1
aravind-anil-h1,4754,495,46,2347171000,37519000,2309652000,14,14
adamrisser,4859,3,2,266282000,,,0,0
chandraH1,4861,10,10,462000,,,0,0
caleb-mahala-h1,4852,276,52,334254000,1167000,333087000,1,1
dnln,4796,655,45,1548789000,,,0,0
caleb-mahala-h1,4850,39,5,14271000,2134000,12137000,1,1
caleb-mahala-h1,4855,18,6,2649000,,,0,0
caleb-mahala-h1,4851,51,6,2005000,,,0,0
caleb-mahala-h1,4845,19,2,89472000,,,0,0
chandraH1,4800,236,35,879856000,5996000,873860000,1,1
djj211,4834,832,6,261814000,,,0,0
rbaxter08,4847,59,8,64981000,,,0,0
jflewis,4844,314,211,80058000,,,0,0
rbaxter08,4841,130,1,151161000,148066000,3095000,2,2
djj211,4838,9,11,169285000,,,0,0
someshchadda,4808,3,0,812517000,,,0,0
asensf,4846,6,0,2490000,,,0,0
prabhjotarora,4816,18,17,657174000,,,0,0
caleb-mahala-h1,4843,3,2,22351000,,,0,0
caleb-mahala-h1,4840,456,566,8796000,,,0,0
jflewis,4839,393,381,11501000,634000,10867000,2,2
adamrisser,4836,5,3,52928000,,,0,0
jflewis,4835,359,238,64870000,24312000,40558000,3,3
caleb-mahala-h1,4825,2,0,333590000,320418000,13172000,1,1
caleb-mahala-h1,4824,27,8,336805000,125000,336680000,1,0
caleb-mahala-h1,4820,33,13,428633000,,,0,0
djj211,4832,77,23,7777000,,,0,0
jflewis,4831,43,30,1572000,,,0,0
rbaxter08,4748,218,330,1729454000,542729000,1186725000,2,2
jflewis,4830,56,18,3445000,,,0,0
jflewis,4828,224,247,12004000,512000,11492000,2,2
rbaxter08,4829,1,1,459000,,,0,0
caleb-mahala-h1,4827,3,1,1311000,,,0,0
caleb-mahala-h1,4823,8,1,6054000,,,0,0
caleb-mahala-h1,4821,4,0,87168000,,,0,0
caleb-mahala-h1,4819,14,12,102196000,,,0,0
caleb-mahala-h1,4812,129,24,182767000,,,0,0
djj211,4822,8,1,2290000,,,0,0
vigneshr1905,4789,383,37,691586000,81726000,609860000,5,5
djj211,4785,155,16,683510000,,,0,0
someshchadda,4811,56,54,101129000,,,0,0
someshchadda,4805,85,28,173741000,75154000,98587000,2,2
jflewis,4814,540,117,80140000,2496000,77644000,1,1
someshchadda,4432,1093,521,573953000,37883000,536070000,2,2
someshchadda,4372,1512,1116,1196231000,1194000,1195037000,26,24
caleb-mahala-h1,4815,2,1,67252000,,,0,0
dnln,4813,33,1,49148000,,,0,0
tgrowden,4682,198,21,2346613000,,,0,0
rbaxter08,4810,356,361,5772000,,,0,0
chandraH1,4809,196,1,14704000,,,0,0
djj211,4806,36,48,68257000,,,0,0
rbaxter08,4804,179,124,75341000,158000,75183000,4,0
rbaxter08,4802,213,207,76375000,,,0,0
vigneshr1905,4645,76,1,2882393000,583061000,2299332000,4,4
caleb-mahala-h1,4784,308,60,521291000,515274000,6017000,1,1
rbaxter08,4791,1134,1081,431175000,,,0,0
jflewis,4763,1511,286,525618000,94807000,430811000,4,4
caleb-mahala-h1,4792,157,106,13020000,,,0,0
caleb-mahala-h1,4794,4,2,2268000,,,0,0
vigneshr1905,4793,510,240,595000,,,0,0
rbaxter08,4749,86,122,699365000,542573000,156792000,1,1
chandraH1,4790,25,10,2466000,,,0,0
chandraH1,4787,75,35,15010000,,,0,0
aravind-anil-h1,4783,19,1,96671000,,,0,0
aravind-anil-h1,4777,179,24,337574000,,,0,0
vigneshr1905,4786,10,0,11625000,,,0,0
djj211,4780,22,7,109314000,,,0,0
djj211,4776,7,1,344712000,,,0,0
chandraH1,4758,276,9,462730000,89298000,373432000,5,5
jflewis,4781,332,196,82293000,,,0,0
vigneshr1905,4745,837,96,865536000,424933000,440603000,7,7
rbaxter08,4759,106,176,430720000,,,0,0
dnln,4711,120,63,1301100000,91564000,1209536000,3,2
aravind-anil-h1,4634,818,93,2335772000,34499000,2301273000,16,16
chandraH1,4779,23,286,8316000,70000,8246000,1,0
chandraH1,4778,18,2,13984000,,,0,0
djj211,4740,20,6,934711000,,,0,0
someshchadda,4751,311,55,509251000,526000,508725000,6,6
vigneshr1905,4746,11,1,643592000,,,0,0
aravind-anil-h1,4762,31,29,101641000,,,0,0
caleb-mahala-h1,4775,10,4,1502000,58000,1444000,1,1
aravind-anil-h1,4767,5,1,36742000,,,0,0
aravind-anil-h1,4744,24,22,633611000,4256000,629355000,7,7
djj211,4734,58,8,770560000,,,0,0
caleb-mahala-h1,4774,6,3,981000,,,0,0
djj211,4712,487,303,968463000,14637000,953826000,3,3
caleb-mahala-h1,4765,3,1,78594000,,,0,0
caleb-mahala-h1,4773,12,20,4594000,,,0,0
caleb-mahala-h1,4771,2,2,1466000,,,0,0
caleb-mahala-h1,4770,2,3,2405000,,,0,0
caleb-mahala-h1,4764,57,10,71787000,3658000,68129000,2,2
chandraH1,4769,50,14,1809000,,,0,0
chandraH1,4768,0,2,1556000,,,0,0
caleb-mahala-h1,4757,578,45,97931000,79542000,18389000,4,4
caleb-mahala-h1,4761,18,16,1321000,,,0,0
rbaxter08,4760,5,5,2627000,,,0,0
rbaxter08,4725,183,234,771999000,40000,771959000,1,0
caleb-mahala-h1,4739,229,185,518812000,515700000,3112000,1,1
chandraH1,4756,8,2,877000,,,0,0
rbaxter08,4752,61,33,79072000,,,0,0
djj211,4733,2,1,581461000,,,0,0
chandraH1,4750,150,125,82548000,82168000,380000,1,1
caleb-mahala-h1,4753,1,1,2209000,,,0,0
balaguruk,4716,158,6,685302000,21856000,663446000,11,11
balaguruk,4653,62,92,1620634000,491260000,1129374000,2,2
caleb-mahala-h1,4747,27,10,84638000,81119000,3519000,2,2
balaguruk,4558,115,4,2756376000,505346000,2251030000,13,13
chandraH1,4743,598,155,355799000,69000,355730000,3,1
djj211,4741,18,53,406905000,350216000,56689000,1,0
someshchadda,4742,61,27,333278000,,,0,0
rbaxter08,4724,137,41,514101000,51000,514050000,6,2
aravind-anil-h1,4677,143,33,1014141000,94464000,919677000,3,3
vigneshr1905,4691,92,37,689543000,,,0,0
felix-h1,4736,1,0,282000,,,0,0
djj211,4642,1214,521,1281198000,496621000,784577000,5,5
caleb-mahala-h1,4731,41,18,69017000,,,0,0
chandraH1,4721,864,23,180077000,178604000,1473000,1,1
caleb-mahala-h1,4728,1652,50,89511000,33564000,55947000,1,1
tgrowden,4732,4,8,1321000,30000,1291000,1,0
jflewis,4730,478,82,2691000,812000,1879000,1,1
tgrowden,4707,246,113,438038000,,,0,0
tgrowden,4709,26,26,431119000,,,0,0
tgrowden,4723,3,2,93569000,,,0,0
chandraH1,4692,648,62,523690000,7628000,516062000,3,3
caleb-mahala-h1,4719,342,24,118980000,51011000,67969000,2,2
caleb-mahala-h1,4681,365,70,588582000,9598000,578984000,6,6
tgrowden,4727,35,41,13672000,,,0,0
jflewis,4726,180,2,1460000,,,0,0
tgrowden,4708,9,3,29000,,,0,0
caleb-mahala-h1,4710,62,4,334729000,323430000,11299000,3,3
rbaxter08,4706,105132,0,338602000,334924000,3678000,2,2
rbaxter08,4715,28,547,71618000,108000,71510000,6,1
rbaxter08,4680,350,302,512364000,510734000,1630000,1,1
djj211,4714,28,3,5901000,,,0,0
tgrowden,4699,25,13,347031000,,,0,0
jflewis,4666,552,240,274215000,50000,274165000,5,4
tgrowden,4629,102,194,862363000,,,0,0
djj211,4704,23,39,5344000,,,0,0
djj211,4703,127,12,5786000,,,0,0
rbaxter08,4702,27,1977,7211000,,,0,0
caleb-mahala-h1,4705,3,0,767000,,,0,0
djj211,4646,59,50,751874000,,,0,0
djj211,4700,504,201,16156000,11968000,4188000,1,1
djj211,4685,64,9,93714000,,,0,0
djj211,4684,503,266,93282000,,,0,0
aravind-anil-h1,4654,138,23,566676000,254298000,312378000,1,1
djj211,4643,40,34,687693000,,,0,0
caleb-mahala-h1,4698,11,6,2982000,695000,2287000,1,1
aravind-anil-h1,4690,5,3,29737000,,,0,0
rbaxter08,4697,20,15,1607000,38000,1569000,4,1
caleb-mahala-h1,4694,8,7,6274000,,,0,0
rbaxter08,4695,300,263,2377000,,,0,0
rbaxter08,4696,255,231,6000,,,0,0
prabhjotarora,4631,140,2,762049000,854000,761195000,13,12
chandraH1,4670,759,6,160967000,,,0,0
aravind-anil-h1,4659,63,4,261740000,25344000,236396000,2,2
rbaxter08,4689,3,3,2887000,,,0,0
rbaxter08,4688,1,1,1248000,18000,1230000,1,0
caleb-mahala-h1,4683,822,308,6782000,2709000,4073000,1,1
rbaxter08,4679,69,80,17681000,,,0,0
rbaxter08,4686,9,1,2189000,,,0,0
djj211,4672,57,10,83743000,230000,83513000,1,0
rbaxter08,4678,23,4,5351000,,,0,0
chandraH1,4649,112,10,520261000,,,0,0
jflewis,4662,2,11,158131000,,,0,0
rbaxter08,4664,98,31,82607000,,,0,0
caleb-mahala-h1,4676,2,2,1266000,,,0,0
felix-h1,4675,7,3,541000,,,0,0
caleb-mahala-h1,4674,5,2,587000,,,0,0
caleb-mahala-h1,4637,166,43,532387000,441172000,91215000,1,1
caleb-mahala-h1,4628,32,34,615665000,,,0,0
caleb-mahala-h1,4624,41,25,621932000,,,0,0
caleb-mahala-h1,4610,74,29,963408000,262398000,701010000,2,2
caleb-mahala-h1,4584,165,58,1146068000,,,0,0
caleb-mahala-h1,4566,1302,707,1302194000,160371000,1141823000,5,5
rbaxter08,4671,13,3,1006000,,,0,0
rbaxter08,4667,18,70,7539000,,,0,0
rbaxter08,4665,1356,2413,4460000,,,0,0
rbaxter08,4626,56,594,597181000,,,0,0
rbaxter08,4625,224,1721,597626000,512944000,84682000,3,3
vigneshr1905,4660,7,7,98135000,,,0,0
kishorsharma,4656,9,5,349701000,,,0,0
rbaxter08,4661,22,13,3962000,,,0,0
jflewis,4617,89,10,837527000,325447000,512080000,2,2
chandraH1,4553,1243,267,1472296000,262681000,1209615000,4,1
chandraH1,4574,512,266,919990000,,,0,0
tgrowden,4639,12,15,172000000,60975000,111025000,1,1
rbaxter08,4657,2,2,181000,,,0,0
balaguruk,4402,410,156,3296508000,5685000,3290823000,4,4
rbaxter08,4652,44,5,322000,,,0,0
rbaxter08,4638,161,135,93011000,707000,92304000,2,1
aravind-anil-h1,4573,263,23,807648000,13665000,793983000,1,1
someshchadda,4627,74,4,174953000,9978000,164975000,1,1
balaguruk,4456,255,61,2411441000,369638000,2041803000,2,2
balaguruk,4434,290,21,2602821000,615727000,1987094000,11,11
aravind-anil-h1,4651,0,1,1215000,,,0,0
vigneshr1905,4648,23,11,21603000,,,0,0
rbaxter08,4650,7,3,18000,,,0,0
prabhjotarora,4581,65,16,758422000,268401000,490021000,1,0
rbaxter08,4641,7,12,67646000,,,0,0
vigneshr1905,4647,2,2,918000,,,0,0
djj211,4644,15,4,5819000,,,0,0
felix-h1,4542,12,2,1199673000,,,0,0
rbaxter08,4640,0,28,2490000,,,0,0
caleb-mahala-h1,4560,945,334,1030641000,410743000,619898000,4,4
sanyamjain07,4635,1,1,30475000,,,0,0
tgrowden,4630,73,21,70317000,,,0,0
caleb-mahala-h1,4636,1,1,1820000,,,0,0
rbaxter08,4633,1,1,7000,,,0,0
tgrowden,4632,16,8,1902000,,,0,0
jflewis,4621,11,8,2095000,,,0,0
rbaxter08,4620,1,1495,63519000,,,0,0
rbaxter08,4585,175,195,88381000,31000,88350000,6,0
jflewis,4606,432,250,270766000,,,0,0
rbaxter08,4618,15,1,10163000,,,0,0
rbaxter08,4619,1926,12,5396000,,,0,0
rbaxter08,4607,2,6,268196000,,,0,0
rbaxter08,4614,22,1,3737000,422000,3315000,1,1
djj211,4616,12,52,798000,,,0,0
tgrowden,4615,2,0,1654000,,,0,0
dnln,4583,42,9,204721000,,,0,0
djj211,4612,65,28,5074000,,,0,0
djj211,4587,1488,129,193649000,,,0,0
djj211,4605,1447,123,20376000,,,0,0
caleb-mahala-h1,4613,1,1,554000,,,0,0
tgrowden,4600,796,523,89016000,68422000,20594000,2,2
caleb-mahala-h1,4597,9,0,88200000,,,0,0
rbaxter08,4611,5,9,1085000,39000,1046000,1,0
djj211,4608,264,252,6625000,,,0,0
jflewis,4591,107,4,174954000,,,0,0
caleb-mahala-h1,4459,2367,2233,1811051000,961503000,849548000,1,0
rbaxter08,4604,3,219,1280000,,,0,0
rbaxter08,4602,8,72,600000,,,0,0
djj211,4599,24,9,4339000,,,0,0
rbaxter08,4594,74,498,86731000,85000,86646000,2,0
djj211,4598,2,0,481000,,,0,0
brwinkle,4596,3,1,584000,,,0,0
rbaxter08,4593,13,3,79027000,,,0,0
djj211,4592,25,2,79550000,,,0,0
brwinkle,4595,25,14,635000,,,0,0
djj211,4588,255,228,9150000,,,0,0
tgrowden,4576,2,1,94853000,,,0,0
djj211,4586,5,1,10193000,,,0,0
jflewis,4590,4,103,185000,,,0,0
rbaxter08,4589,30,13,623000,,,0,0
jflewis,4578,103,4,73235000,,,0,0
tgrowden,4569,742,88,148778000,226000,148552000,1,1
dnln,4555,10,1,419837000,,,0,0
djj211,4582,16,49,1613000,,,0,0
djj211,4580,32,22,3825000,,,0,0
rbaxter08,4579,1,1,538000,,,0,0
felix-h1,4577,14,10,1242000,,,0,0
rbaxter08,4568,238,69,79807000,,,0,0
rbaxter08,4562,78,214,93172000,82088000,11084000,1,0
rbaxter08,4565,41,89,85821000,,,0,0
dnln,4517,1,81,944585000,,,0,0
djj211,4575,99,44,2947000,,,0,0
tgrowden,4563,167,179,85113000,346000,84767000,1,1
chandraH1,4534,1371,0,503230000,430781000,72449000,3,3
tgrowden,4572,23,21,21000,,,0,0
djj211,4567,8,9,17926000,,,0,0
tgrowden,4571,2,3,29000,,,0,0
djj211,4564,7,5,837000,,,0,0
djj211,4550,10,19,313393000,53619000,259774000,1,1
dnln,4561,7,1,8568000,,,0,0
tgrowden,4557,778,155,18736000,1730000,17006000,1,1
aravind-anil-h1,4556,3,2,13107000,,,0,0
djj211,4559,1,1,499000,,,0,0
caleb-mahala-h1,4536,76,47,185007000,11549000,173458000,3,3
dnln,4545,70,18,98636000,,,0,0
vigneshr1905,4554,36,16,6838000,483000,6355000,3,3
aravind-anil-h1,4552,19,9,13778000,2094000,11684000,4,4
aravind-anil-h1,4551,63,36,12905000,6966000,5939000,1,1
aravind-anil-h1,4547,1,1,58981000,,,0,0
aravind-anil-h1,4498,57,32,80258000,12488000,67770000,1,1
dnln,4549,35,22,3848000,610000,3238000,3,3
tgrowden,4548,330,180,3470000,411000,3059000,1,1
aravind-anil-h1,4544,10,10,1666000,,,0,0
aravind-anil-h1,4546,2,1,559000,,,0,0
djj211,4537,28,6,15792000,391000,15401000,1,0
jflewis,4540,6,8,699000,,,0,0
djj211,4530,166,856,78758000,64995000,13763000,1,1
someshchadda,4529,211,63,82410000,888000,81522000,2,2
djj211,4539,7,7,3989000,,,0,0
dnln,4538,95,38,2210000,103000,2107000,1,0
dnln,4526,77,1,95941000,5146000,90795000,2,2
vigneshr1905,4500,391,115,530942000,105735000,425207000,4,4
djj211,4535,151,41,7693000,,,0,0
dnln,4528,41,18,82440000,,,0,0
prabhjotarora,4532,2,1,44286000,,,0,0
aravind-anil-h1,4533,15,13,10731000,,,0,0
aravind-anil-h1,4522,65,13,166045000,80007000,86038000,1,1
aravind-anil-h1,4513,39,9,421648000,12098000,409550000,3,3
aravind-anil-h1,4525,154,112,84521000,6130000,78391000,5,5
someshchadda,4531,62,0,15736000,1893000,13843000,1,1
PratikH1,4491,34,13,535096000,,,0,0
someshchadda,4496,297,8,496315000,16967000,479348000,6,6
jflewis,4527,77,41,4102000,1533000,2569000,2,2
prabhjotarora,4524,7,4,21651000,7531000,14120000,1,1
dnln,4523,8,2,682000,,,0,0
tgrowden,4477,296,4,560396000,2919000,557477000,1,1
dnln,4518,1,4,224147000,,,0,0
dnln,4519,12,2,222473000,,,0,0
aravind-anil-h1,4467,237,27,612084000,32231000,579853000,9,9
someshchadda,4521,22,3,1719000,,,0,0
djj211,4520,6,3,1163000,,,0,0
aravind-anil-h1,4458,488,141,649383000,19314000,630069000,9,9
jflewis,4515,219,92,15560000,919000,14641000,2,2
djj211,4516,34,16,10714000,,,0,0
someshchadda,4511,33,10,64367000,,,0,0
djj211,4510,11,16,60178000,,,0,0
djj211,4514,132,48,8199000,,,0,0
prabhjotarora,4512,94,10,50234000,186000,50048000,4,4
chandraH1,4468,1,1,368717000,,,0,0
djj211,4499,17,40,37463000,,,0,0
djj211,4484,242,96,183941000,,,0,0
asensf,4443,17,3,775759000,,,0,0
rbaxter08,4508,1,1,740000,,,0,0
dnln,4507,11,3,4019000,,,0,0
dnln,4506,15,9,5625000,,,0,0
vigneshr1905,4472,167,5,277963000,32922000,245041000,3,3
djj211,4437,547,63,789152000,80987000,708165000,3,3
caleb-mahala-h1,4492,128,9,93982000,8893000,85089000,3,3
someshchadda,4405,1988,1061,1457787000,586746000,871041000,5,5
dnln,4504,6,4,1553000,,,0,0
djj211,4495,267,1120,6796000,4681000,2115000,2,2
dnln,4485,887,72,89071000,75477000,13594000,14,13
someshchadda,4494,3,1,4057000,2947000,1110000,1,1
djj211,4493,36,17,11013000,,,0,0
jflewis,4489,20,7,6613000,166000,6447000,1,1
aravind-anil-h1,4415,67,9,1217181000,72614000,1144567000,2,2
rbaxter08,4488,6,6,238000,,,0,0
caleb-mahala-h1,4487,7,1,815000,,,0,0
jflewis,4455,1,0,498949000,,,0,0
caleb-mahala-h1,4346,377,196,2452611000,2430770000,21841000,2,2
rbaxter08,4478,168,165,72987000,,,0,0
rbaxter08,4398,279,447,1315132000,2135000,1312997000,3,0
caleb-mahala-h1,4486,1,1,1917000,,,0,0
caleb-mahala-h1,4431,363,34,704500000,275000,704225000,1,1
tgrowden,4428,438,279,862339000,,,0,0
dnln,4364,1510,145,2168835000,1030189000,1138646000,1,1
someshchadda,4483,2,1,813000,,,0,0
djj211,4482,60,9,2444000,,,0,0
caleb-mahala-h1,4480,3,2,2145000,,,0,0
chandraH1,4481,12,13,448000,,,0,0
rbaxter08,4479,1,0,447000,43000,404000,1,0
djj211,4465,412,219,223094000,35000,223059000,1,0
rbaxter08,4446,74,59,462487000,,,0,0
rbaxter08,4444,64,61,464896000,178564000,286332000,1,1
felix-h1,4476,8,5,966000,,,0,0
caleb-mahala-h1,4475,15,1,4067000,2724000,1343000,1,0
tgrowden,4474,60,41,7451000,,,0,0
rbaxter08,4466,34,3,96944000,79286000,17658000,1,1
caleb-mahala-h1,4449,80,50,423319000,,,0,0
djj211,4349,3,1,2342534000,,,0,0
djj211,4452,1137,560,353994000,743000,353251000,1,1
someshchadda,4464,1137,560,231637000,,,0,0
dnln,4473,23,2,5448000,,,0,0
chandraH1,4469,26,23,31628000,,,0,0
chandraH1,4470,1,0,28134000,,,0,0
caleb-mahala-h1,4460,2,4,257184000,,,0,0
felix-h1,4461,8,4,251006000,,,0,0
aravind-anil-h1,4471,1,1,496000,,,0,0
rbaxter08,4463,84,1,9544000,,,0,0
rbaxter08,4462,7,6,7973000,5447000,2526000,1,1
caleb-mahala-h1,4330,17,3,2763969000,,,0,0
caleb-mahala-h1,4457,2,1,32518000,,,0,0
tgrowden,4393,25,10,1047964000,177933000,870031000,1,1
tgrowden,4438,19,3,189451000,,,0,0
caleb-mahala-h1,4366,468,93,1488607000,74227000,1414380000,1,1
rbaxter08,4454,1,0,4024000,,,0,0
aravind-anil-h1,4422,169,149,626376000,371113000,255263000,6,6
caleb-mahala-h1,4453,2,2,400000,,,0,0
rbaxter08,4448,10,4,67658000,,,0,0
rbaxter08,4447,4,2,69743000,,,0,0
rbaxter08,4445,32,15,79624000,,,0,0
djj211,4408,209,76,714819000,,,0,0
rbaxter08,4440,4,6,64210000,,,0,0
jflewis,4365,594,63,1311255000,,,0,0
jflewis,4435,2,6,12451000,,,0,0
caleb-mahala-h1,4436,13,35,586000,,,0,0
aravind-anil-h1,4433,5,8,6889000,,,0,0
aravind-anil-h1,4423,155,112,443977000,372267000,71710000,2,2
djj211,4380,2420,9,1096786000,507000,1096279000,1,1
djj211,4400,1940,72,608751000,69545000,539206000,4,4
djj211,4403,318,123,599932000,,,0,0
rbaxter08,4430,20,1,9120000,,,0,0
caleb-mahala-h1,4427,22,4,333953000,,,0,0
rbaxter08,4425,81,15,336524000,,,0,0
rbaxter08,4419,51,7,420921000,,,0,0
rbaxter08,4426,16,12,274000,,,0,0
jflewis,4424,186,82,3630000,,,0,0
rbaxter08,4421,756,315,72137000,,,0,0
rbaxter08,4418,136,143,76748000,25000,76723000,5,0
rbaxter08,4420,284,226,65936000,,,0,0
rbaxter08,4386,1,12,598600000,,,0,0
djj211,4351,505,260,1227545000,1048791000,178754000,1,1
brwinkle,4417,5,1,414000,,,0,0
vigneshr1905,4416,7,1,2780000,,,0,0
aravind-anil-h1,4414,72,28,3660000,2231000,1429000,1,1
brwinkle,4413,3,2,2688000,,,0,0
rbaxter08,4411,28,4,10740000,,,0,0
brwinkle,4412,180,168,1010000,,,0,0
aravind-anil-h1,4394,69,14,104083000,87219000,16864000,1,1
vigneshr1905,4401,184,130,69350000,7262000,62088000,2,2
chandraH1,4409,33,27,902000,,,0,0
caleb-mahala-h1,4410,1,1,389000,,,0,0
chandraH1,4407,3,3,15653000,,,0,0
rbaxter08,4385,12,10,425336000,,,0,0
vigneshr1905,4396,377,25,82005000,59977000,22028000,5,5
chandraH1,4397,728,388,66007000,1072000,64935000,2,2
brwinkle,4406,3,19,381000,,,0,0
caleb-mahala-h1,4404,3,1,793000,,,0,0
jflewis,4388,44,16,339275000,,,0,0
caleb-mahala-h1,4399,5,6,1956000,,,0,0
caleb-mahala-h1,4395,4,4,15813000,,,0,0
vigneshr1905,4375,170,15,436612000,20742000,415870000,6,6
felix-h1,4387,575,7,326786000,,,0,0
aravind-anil-h1,4382,48,91,361517000,1963000,359554000,1,1
aravind-anil-h1,4390,547,9,273491000,,,0,0
caleb-mahala-h1,4392,94,63,708000,,,0,0
prabhjotarora,4371,169,94,269352000,1333000,268019000,2,2
brwinkle,4363,739,33,608018000,439220000,168798000,1,1
chandraH1,4361,1576,158,600440000,264207000,336233000,1,1
chandraH1,4391,5,0,490000,,,0,0
aravind-anil-h1,4381,125,68,97759000,19606000,78153000,3,3
tgrowden,4389,1,1,30000,,,0,0
tgrowden,4367,11,2,270317000,,,0,0
tgrowden,4374,58,8,114438000,12080000,102358000,1,1
caleb-mahala-h1,4384,447,39,23261000,,,0,0
felix-h1,4376,212,49,96982000,119000,96863000,1,0
tgrowden,4345,330,63,947647000,,,0,0
brwinkle,4354,107,8,686136000,,,0,0
jflewis,4342,195,72,1195942000,59549000,1136393000,2,2
jflewis,4193,1316,74,2670457000,1383198000,1287259000,1,1
jflewis,4379,42,10,65106000,,,0,0
rbaxter08,4378,48,17,70064000,,,0,0
chandraH1,4370,158,5,180396000,176997000,3399000,1,1
chandraH1,4383,151,0,4876000,,,0,0
chandraH1,4355,3,0,609266000,,,0,0
aravind-anil-h1,4369,1022,64,172303000,16292000,156011000,3,3
caleb-mahala-h1,4356,477,164,544871000,19028000,525843000,2,1
dnln,4357,484,156,526533000,439952000,86581000,3,3
tgrowden,4353,1007,79,590719000,518676000,72043000,4,4
vigneshr1905,4358,749,37,510604000,68650000,441954000,23,23
tgrowden,4368,19,1,81046000,,,0,0
caleb-mahala-h1,4359,13,4,64664000,,,0,0
caleb-mahala-h1,4352,146,56,2563000,1306000,1257000,1,1
brwinkle,4196,2,1,1962295000,,,0,0
caleb-mahala-h1,4347,249,48,88602000,1554000,87048000,3,3
chandraH1,4321,433,0,776983000,794000,776189000,14,14
aravind-anil-h1,4348,241,76,84452000,68986000,15466000,5,5
tgrowden,4350,8,0,573000,,,0,0
tgrowden,4339,293,11,449423000,,,0,0
tgrowden,4344,48,3,192134000,168025000,24109000,1,1
jflewis,4343,3,0,331358000,,,0,0
dnln,4335,48,21,79779000,,,0,0
dnln,4334,359,96,145491000,92275000,53216000,2,0
caleb-mahala-h1,4341,7,3,2497000,335000,2162000,1,1
caleb-mahala-h1,4337,17,11,15486000,14201000,1285000,1,1
caleb-mahala-h1,4222,1854,107,1205523000,3315000,1202208000,24,13
caleb-mahala-h1,4338,12,14,8580000,4608000,3972000,2,2
chandraH1,4340,1,1,513000,,,0,0
h1-buddy-bot,4333,5,3,2701000,,,0,0
jflewis,4185,50,25,1710653000,423852000,1286801000,1,1
dnln,4331,3,2,84441000,,,0,0
dnln,4327,14,0,143315000,,,0,0
caleb-mahala-h1,4320,19,10,105602000,,,0,0
rbaxter08,4332,7,17,6969000,,,0,0
jflewis,4177,1647,11,1738017000,516176000,1221841000,4,4
chandraH1,4244,384,183,711308000,,,0,0
djj211,4329,5,7,1071000,,,0,0
rbaxter08,4324,17,7,12858000,14000,12844000,1,0
tgrowden,4328,19,19,1440000,,,0,0
vigneshr1905,4326,2,0,2218000,,,0,0
dnln,4325,3,3,687000,,,0,0
dnln,4323,18,2,905000,,,0,0
adamrisser,4319,45,13,147959000,140559000,7400000,4,0
rbaxter08,4322,7,3,768000,,,0,0
tgrowden,4317,25,21,229699000,665000,229034000,1,1
vigneshr1905,4264,608,350,508889000,153978000,354911000,13,13
adamrisser,4318,226,215,197624000,188439000,9185000,1,1
tgrowden,4316,104,26,1609000,,,0,0
rbaxter08,4314,10,8,1135000,,,0,0
djj211,4315,6,1,676000,,,0,0
rbaxter08,4312,28,8,2058000,16000,2042000,2,0
djj211,4313,113,48,736000,,,0,0
djj211,4310,375,76,5183000,4473000,710000,1,1
djj211,4311,142,33,1882000,,,0,0
rbaxter08,4307,115,74,6747000,47000,6700000,4,0
rbaxter08,4304,15,1,9944000,,,0,0
jflewis,4308,11,3,2528000,,,0,0
dnln,4303,95,1,5995000,,,0,0
djj211,4309,273,139,1604000,,,0,0
caleb-mahala-h1,4191,416,72,1201975000,128000,1201847000,4,0
dnln,4300,133,47,9790000,3932000,5858000,1,1
jflewis,4305,13,10,1842000,,,0,0
djj211,4298,598,477,51731000,,,0,0
rbaxter08,4292,19,7,75970000,,,0,0
tgrowden,4301,2,1,7000,,,0,0
jflewis,4296,44,5,41368000,,,0,0
tgrowden,4297,1,1,4900000,,,0,0
tgrowden,4295,3,2,21000,,,0,0
tgrowden,4294,2,1,696000,,,0,0
djj211,4293,280,38,5842000,,,0,0
brwinkle,4257,34,18,256491000,,,0,0
jflewis,4284,139,8,81303000,78011000,3292000,1,1
jflewis,4282,43,12,86727000,83614000,3113000,1,1
tgrowden,4270,67,0,160359000,,,0,0
jflewis,4280,56,27,87214000,85020000,2194000,1,1
tgrowden,4273,148,6,147018000,,,0,0
tgrowden,4291,94,3,5380000,,,0,0
dnln,4241,402,9,343769000,323537000,20232000,1,0
dnln,4276,315,73,113590000,,,0,0
caleb-mahala-h1,4288,209,15,8350000,,,0,0
dnln,4237,862,1254,429273000,330619000,98654000,4,2
rbaxter08,4290,44,2,2548000,,,0,0
rbaxter08,4289,215,23,1209000,39000,1170000,3,0
rbaxter08,4287,388,408,2933000,,,0,0
djj211,4285,2208,40,6278000,67000,6211000,1,0
rbaxter08,4283,103,72,72311000,15376000,56935000,1,1
djj211,4286,3,2,582000,,,0,0
djj211,4256,29189,862,238768000,98402000,140366000,2,2
rbaxter08,4278,474,274,79460000,43000,79417000,5,1
aravind-anil-h1,4274,81,48,100893000,,,0,0
djj211,4260,1017,282,179176000,91814000,87362000,1,1
djj211,4267,839,263,104180000,16969000,87211000,2,2
djj211,4271,310,77,90305000,,,0,0
djj211,4279,91,15,19482000,,,0,0
djj211,4281,185,58,17222000,,,0,0
adamrisser,4269,180,75,70751000,985000,69766000,1,1
felix-h1,4277,41,20,5808000,,,0,0
aravind-anil-h1,4206,134,39,609141000,2657000,606484000,6,6
dnln,4275,0,8,929000,,,0,0
djj211,4250,379,119,107609000,,,0,0
tgrowden,4268,4,4,1750000,,,0,0
tgrowden,4266,70,36,4405000,4124000,281000,1,1
tgrowden,4255,20,6,94079000,,,0,0
rbaxter08,4265,0,1,60000,,,0,0
rbaxter08,4258,395,303,69327000,75000,69252000,3,0
aravind-anil-h1,4216,256,133,434169000,2499000,431670000,19,19
rbaxter08,4263,80,36,1335000,,,0,0
dnln,4239,11,9,184337000,,,0,0
aravind-anil-h1,4261,1,19,4091000,,,0,0
tgrowden,4259,352,12,982000,,,0,0
rbaxter08,4254,237,208,15110000,874000,14236000,2,0
adamrisser,4253,214,81,13741000,2288000,11453000,1,1
tgrowden,4252,19,11,8203000,,,0,0
dnln,4240,1,16,108589000,,,0,0
rbaxter08,4246,187,58,12991000,78000,12913000,1,0
rbaxter08,4245,29,15,8832000,2786000,6046000,1,1
tgrowden,4251,10,1,571000,,,0,0
djj211,4249,1,1,1158000,,,0,0
tgrowden,4242,182,29,60268000,48369000,11899000,1,1
rbaxter08,4247,44,7,757000,24000,733000,1,0
tgrowden,4243,141,10,50513000,40070000,10443000,2,2
djj211,4202,2263,866,487826000,246992000,240834000,1,1
djj211,4210,1963,704,427110000,187550000,239560000,2,2
djj211,4212,1647,417,409124000,170513000,238611000,1,1
djj211,4218,1064,228,336626000,98435000,238191000,3,3
djj211,4225,612,66,319882000,82738000,237144000,2,2
djj211,4228,361,22,299807000,,,0,0
djj211,4229,119,10,296969000,,,0,0
djj211,4198,543,58,506419000,,,0,0
tgrowden,4238,662,17,94218000,,,0,0
tgrowden,4235,479,53,80441000,,,0,0
adamrisser,4236,1153,280,7816000,69000,7747000,3,2
rbaxter08,4215,226,251,129508000,,,0,0
rbaxter08,4231,111,192,29715000,,,0,0
rbaxter08,4232,69,28,29618000,,,0,0
tgrowden,4234,281,65,652000,71000,581000,1,0
djj211,4195,383,67,344207000,,,0,0
rbaxter08,4233,10,8,627000,68000,559000,1,0
tgrowden,4230,326,38,5460000,4937000,523000,1,1
jeffplourd,4224,132,27,70690000,55325000,15365000,1,1
rbaxter08,4203,176,156,232778000,,,0,0
jeffplourd,4223,28,9,71790000,,,0,0
rbaxter08,4201,470,457,236128000,230152000,5976000,1,1
felix-h1,4226,30,8,59062000,,,0,0
tgrowden,4217,6409,124,27044000,8208000,18836000,5,5
asensf,4221,2,2,767000,,,0,0
adamrisser,4214,42,20,58126000,,,0,0
dnln,4220,224,16,1883000,,,0,0
rbaxter08,4219,21,18,2290000,201000,2089000,4,1
jflewis,4213,624,2,68379000,60575000,7804000,1,1
chandraH1,4138,245,30,1374434000,,,0,0
chandraH1,4199,8,1,148622000,,,0,0
dnln,4209,17,4,1669000,713000,956000,3,3
chandraH1,4208,71,21,5568000,,,0,0
dnln,4207,113,10,7019000,,,0,0
dnln,4204,3,3,132000,,,0,0
dnln,4200,84,31,510000,,,0,0
rbaxter08,4197,249,250,15968000,5002000,10966000,4,4
dnln,4167,456,25,628664000,528024000,100640000,1,0
rbaxter08,4186,216,220,428129000,48000,428081000,4,0
tgrowden,4141,62,11,1186634000,,,0,0
dnln,4152,933,69,1050265000,624463000,425802000,2,1
aravind-anil-h1,4170,389,238,607035000,182997000,424038000,4,4
jeffplourd,4194,2410,2112,4115000,,,0,0
djj211,4140,2151,340,1104362000,1446000,1102916000,4,1
rbaxter08,4189,7,5,246464000,,,0,0
chandraH1,4124,15,4,1403324000,,,0,0
felix-h1,4190,81,59,5918000,,,0,0
djj211,4144,1917,277,793646000,523309000,270337000,2,2
djj211,4146,961,110,774860000,42000,774818000,6,5
djj211,4148,594,90,773376000,66325000,707051000,1,1
djj211,4161,491,101,615827000,4793000,611034000,7,7
djj211,4166,349,184,349271000,,,0,0
chandraH1,4184,284,84,94031000,10222000,83809000,2,2
rbaxter08,4165,102,8,339691000,88000,339603000,1,0
rbaxter08,4188,1,0,86000,,,0,0
tgrowden,4171,210,0,186165000,11655000,174510000,1,1
felix-h1,4187,170,92,1850000,,,0,0
tgrowden,4164,523,17,261963000,4297000,257666000,2,2
aravind-anil-h1,4151,955,0,641109000,33977000,607132000,23,23
felix-h1,4183,6,6,528000,,,0,0
felix-h1,4179,67,4,5226000,101000,5125000,1,0
felix-h1,4181,142,91,573000,,,0,0
caleb-mahala-h1,4180,7,3,1227000,,,0,0
caleb-mahala-h1,4172,73,64,81027000,22000,81005000,7,2
caleb-mahala-h1,4162,23,1,188394000,,,0,0
caleb-mahala-h1,4178,6,4,1578000,,,0,0
felix-h1,4175,545,378,14166000,4101000,10065000,1,1
jflewis,4174,0,15,10695000,3237000,7458000,1,1
caleb-mahala-h1,4176,80,26,3816000,,,0,0
caleb-mahala-h1,4168,8,1,8878000,,,0,0
rbaxter08,4157,3,0,333599000,,,0,0
rbaxter08,4149,259,7,415664000,68262000,347402000,1,0
felix-h1,4163,841,62,6549000,121000,6428000,4,1
rbaxter08,4155,30,4,342265000,,,0,0
rbaxter08,4147,371,44,419344000,87000,419257000,4,0
caleb-mahala-h1,4158,20,0,319309000,59370000,259939000,1,1
caleb-mahala-h1,4135,1391,55,606585000,349703000,256882000,1,1
caleb-mahala-h1,4142,111,27,226168000,52000,226116000,2,1
caleb-mahala-h1,4159,5,2,29568000,,,0,0
felix-h1,4160,0,1,676000,,,0,0
rbaxter08,4156,0,1007,76914000,,,0,0
djj211,4154,6,6,2987000,355000,2632000,1,0
rbaxter08,4153,9,3,6709000,,,0,0
rbaxter08,4134,10,8,607016000,,,0,0
jflewis,4127,1595,504,620582000,,,0,0
rbaxter08,4145,720,488,15069000,51000,15018000,2,1
caleb-mahala-h1,4143,5,37,25540000,,,0,0
caleb-mahala-h1,4139,0,1,7564000,,,0,0
caleb-mahala-h1,4137,22,10,80828000,6591000,74237000,1,1
caleb-mahala-h1,4083,1746,357,1730167000,174858000,1555309000,6,5
caleb-mahala-h1,4130,217,21,420127000,69422000,350705000,4,4
rbaxter08,4133,6,6,12621000,,,0,0
caleb-mahala-h1,4105,20,5,700323000,10290000,690033000,3,1
jflewis,4119,34,89,167673000,,,0,0
rbaxter08,4132,3,0,60132000,,,0,0
rbaxter08,4129,260,264,68757000,11597000,57160000,2,2
djj211,4121,377,7,77795000,68290000,9505000,1,1
rbaxter08,4128,4,1,17000,,,0,0
jflewis,4126,505,1610,59000,,,0,0
jflewis,4110,1610,505,501006000,412488000,88518000,3,3
rbaxter08,4125,31,7,2293000,166000,2127000,1,0
rbaxter08,4122,3,6,3757000,43000,3714000,1,0
chandraH1,4123,8,15,241000,,,0,0
rbaxter08,4118,68,105,82476000,8953000,73523000,6,0
rbaxter08,4103,19,14,622452000,,,0,0
aravind-anil-h1,4113,106,80,118066000,94950000,23116000,3,3
felix-h1,4120,1,1,657000,,,0,0
rbaxter08,4117,266,25,5592000,,,0,0
rbaxter08,4116,1,2,58949000,,,0,0
rbaxter08,4115,203,18,65820000,249000,65571000,1,0
dnln,4112,21,4,87089000,,,0,0
rbaxter08,4114,163,364,15793000,178000,15615000,10,2
chandraH1,4102,15,8,514784000,,,0,0
chandraH1,4104,4,1,429500000,,,0,0
aravind-anil-h1,4108,7,5,330532000,,,0,0
felix-h1,4111,14,2,338000,,,0,0
rbaxter08,4087,129,5,671852000,,,0,0
brwinkle,4093,16,0,419797000,,,0,0
djj211,4106,13,0,45000,,,0,0
rbaxter08,4099,2,2,67923000,,,0,0
rbaxter08,4097,13,0,232038000,,,0,0
rbaxter08,4096,13,0,98000,,,0,0
rbaxter08,4095,15,24,15000,,,0,0
rbaxter08,4094,24,15,295000,,,0,0
rbaxter08,4090,2,0,73440000,,,0,0
rbaxter08,4092,98,12,380000,,,0,0
rbaxter08,4091,28,1216,499000,,,0,0
brwinkle,4072,17,4,343557000,3729000,339828000,1,1
rbaxter08,4089,87,223,61470000,,,0,0
aravind-anil-h1,4081,6,3,197381000,115272000,82109000,1,1
rbaxter08,4088,261,12,58521000,118000,58403000,1,0
rbaxter08,4084,16,15,8852000,,,0,0
caleb-mahala-h1,4086,1216,28,5246000,,,0,0
caleb-mahala-h1,4085,26,1197,1561000,,,0,0
chandraH1,4076,324,7,189308000,8429000,180879000,6,6
caleb-mahala-h1,4075,1198,24,233276000,1286000,231990000,25,12
jflewis,4043,115,38,691919000,685871000,6048000,2,2
rbaxter08,4080,70,31,156644000,19000,156625000,6,0
rbaxter08,4079,142,66,157510000,2353000,155157000,3,1
felix-h1,4082,7,2,753000,,,0,0
jeffplourd,4061,113,8,415017000,284758000,130259000,1,1
tgrowden,4050,55,0,583292000,212000,583080000,2,2
rbaxter08,4078,5,0,69773000,,,0,0
rbaxter08,4074,3,25,79819000,33000,79786000,4,0
rbaxter08,4073,9,11,81075000,,,0,0
felix-h1,4077,18,0,6913000,,,0,0
jflewis,4066,7,3,91706000,,,0,0
rbaxter08,4071,70,15,73905000,,,0,0
rbaxter08,4070,92,13,74476000,,,0,0
rbaxter08,4065,6,44,210145000,57000,210088000,6,0
jflewis,4069,7,5,310000,,,0,0
rbaxter08,4068,55,35,4381000,,,0,0
rbaxter08,4063,57,21,243563000,238250000,5313000,1,1
rbaxter08,4057,64,15,329063000,,,0,0
felix-h1,4067,1,2,715000,,,0,0
rbaxter08,4058,784,16,259584000,,,0,0
rbaxter08,4062,21,61,239429000,,,0,0
rbaxter08,4064,5,0,206551000,,,0,0
jflewis,4026,79,5,856736000,152988000,703748000,3,3
rbaxter08,4054,277,437,100687000,91668000,9019000,1,1
jflewis,4059,12,10,439000,,,0,0
jflewis,4060,12,10,37000,,,0,0
caleb-mahala-h1,4055,137,29,89759000,119000,89640000,5,1
rbaxter08,4048,338,147,162812000,,,0,0
rbaxter08,4056,19,0,6799000,,,0,0
rbaxter08,4049,104,328,71511000,,,0,0
rbaxter08,4044,165,61,80518000,73746000,6772000,1,1
rbaxter08,4051,32,165,68892000,,,0,0
rbaxter08,4052,117,838,66268000,,,0,0
jflewis,4053,12,10,490000,,,0,0
jeffplourd,4047,37,59,25000,,,0,0
jeffplourd,4046,6172,1634,23000,,,0,0
jflewis,4045,2,2,581000,,,0,0
jflewis,4001,733,98,1632367000,,,0,0
jflewis,4015,677,50,1022680000,240824000,781856000,5,5
rbaxter08,4042,29,52,94000,,,0,0
rbaxter08,4040,29,52,391554000,33000,391521000,2,0
jflewis,4033,122,53,414673000,409886000,4787000,1,1
chandraH1,4024,94,30,598636000,258482000,340154000,2,2
chandraH1,4038,18,2,343048000,,,0,0
chandraH1,4014,49,15,949170000,4214000,944956000,2,2
aravind-anil-h1,4041,6,5,678000,,,0,0
rbaxter08,4019,6,0,348235000,,,0,0
rbaxter08,4039,13,1,1300000,,,0,0
rbaxter08,4032,107,131,77665000,,,0,0
rbaxter08,4034,13,1,2290000,,,0,0
djj211,4036,2,2,8000,,,0,0
djj211,4035,2,2,15000,,,0,0
aravind-anil-h1,3994,717,3,1315458000,36872000,1278586000,36,36
rbaxter08,4031,25,19,733000,,,0,0
aravind-anil-h1,4008,7,4,575980000,,,0,0
tgrowden,4029,10,17,5370000,,,0,0
djj211,4030,1,1,780000,,,0,0
djj211,4028,1,1,1508000,,,0,0
rbaxter08,4027,13,5,5094000,135000,4959000,1,1
rbaxter08,4020,104,86,99760000,,,0,0
rbaxter08,4006,425,491,514494000,16000,514478000,7,1
larasanders-h1,4023,40,17,71872000,56514000,15358000,2,2
chandraH1,4025,5,7,4543000,,,0,0
jflewis,4021,19,12,68154000,,,0,0
chandraH1,4018,6,2,82761000,,,0,0
chandraH1,4017,0,1,91176000,,,0,0
chandraH1,4016,9,5,91578000,,,0,0
tgrowden,3987,2236,27,1205899000,1191920000,13979000,1,1
jflewis,4011,7,2,72810000,,,0,0
rbaxter08,4007,52,24,134875000,,,0,0
rbaxter08,4010,52,7,79143000,,,0,0
djj211,4013,3628,5337,13000,,,0,0
jflewis,4012,4,3,103000,,,0,0
tgrowden,3975,843,225,1218633000,2330000,1216303000,4,4
jflewis,4009,4,3,821000,,,0,0
rbaxter08,4002,174,264,438623000,,,0,0
jflewis,3957,274,134,1726376000,143000,1726233000,3,0
rbaxter08,4000,133,65,436805000,414136000,22669000,3,3
jflewis,3985,438,40,777252000,234219000,543033000,2,2
rbaxter08,4004,30,0,13542000,,,0,0
rbaxter08,4003,12,1,95195000,,,0,0
rbaxter08,3999,74,155,327346000,,,0,0
jflewis,3997,598,70,493496000,148071000,345425000,2,2
larasanders-h1,3993,54,12,251601000,,,0,0
djj211,3991,278,223,176047000,62000,175985000,1,0
rbaxter08,3990,206,20,164264000,,,0,0
rbaxter08,3996,59,3,70018000,5088000,64930000,2,2
chandraH1,3979,155,1,452202000,7761000,444441000,5,5
chandraH1,3978,162,4,452197000,8548000,443649000,5,5
chandraH1,3986,203,18,152367000,66195000,86172000,3,3
rbaxter08,3989,117,143,83122000,80520000,2602000,1,1
rbaxter08,3992,171,8,70979000,26605000,44374000,1,1
chandraH1,3988,14,1,17648000,,,0,0
rbaxter08,3984,25,13,82289000,,,0,0
rbaxter08,3983,72,26,77413000,,,0,0
fkrugerr,3744,8,11,5973891000,,,0,0
,3924,17,22,1651188000,16830000,1634358000,1,1
chandraH1,3980,93,1,285206000,6735000,278471000,3,3
rbaxter08,3981,114,81,265397000,,,0,0
djj211,3950,22,12,947084000,111000,946973000,2,1
chandraH1,3977,206,35,17360000,9320000,8040000,3,3
jflewis,3976,2,1,60064000,,,0,0
rbaxter08,3973,190,26,88148000,,,0,0
jflewis,3961,58,0,497649000,,,0,0
rbaxter08,3972,81,12,74798000,,,0,0
jeffplourd,3974,19,18,6719000,,,0,0
chandraH1,3964,208,7,189406000,337000,189069000,6,5
chandraH1,3970,58,4,17700000,12229000,5471000,1,1
rbaxter08,3971,29,29,1261000,,,0,0
chandraH1,3949,61,19,523175000,6400000,516775000,2,2
rbaxter08,3969,14,12,13618000,,,0,0
larasanders-h1,3936,26,8,597341000,64237000,533104000,20,20
larasanders-h1,3931,9,4,935137000,329869000,605268000,4,4
rbaxter08,3966,1223,4766,86154000,1070000,85084000,2,2
djj211,3968,3348,1384,1769000,,,0,0
djj211,3967,3,0,661000,,,0,0
chandraH1,3962,39,5,82196000,,,0,0
jeffplourd,3956,14,2,330306000,78350000,251956000,1,1
djj211,3955,24,7,329670000,181000,329489000,1,0
jeffplourd,3958,5,0,325686000,,,0,0
rbaxter08,3963,125,102,4881000,,,0,0
chandraH1,3960,7,12,249673000,,,0,0
rbaxter08,3965,3,0,1402000,,,0,0
rbaxter08,3959,70,43,1191000,,,0,0
rbaxter08,3952,152,40,77785000,14992000,62793000,2,2
jflewis,3941,119,243,162645000,79360000,83285000,1,1
djj211,3954,0,4,203000,,,0,0
djj211,3953,1,29,539000,,,0,0
djj211,3934,292,239,172229000,33000,172196000,4,1
PratikH1,3951,12,2,2614000,193000,2421000,1,1
djj211,3935,140,82,171012000,48000,170964000,2,0
djj211,3866,0,0,1972292000,,,0,0
,3926,13,9,588904000,,,0,0
jflewis,3944,4,1,71462000,,,0,0
chandraH1,3948,79,31,27485000,25609000,1876000,1,1
chandraH1,3939,352,47,92147000,1805000,90342000,7,5
rbaxter08,3943,167,1,58538000,16691000,41847000,1,1
rbaxter08,3945,19,1,18353000,,,0,0
meg2208,3947,7,2,3492000,,,0,0
PratikH1,3946,2,0,323000,,,0,0
jflewis,3933,106,89,93468000,59000,93409000,1,0
tgrowden,3942,25,5,1005000,,,0,0
felix-h1,3940,128,1,6986000,1888000,5098000,2,2
djj211,3937,7,0,71315000,,,0,0
jflewis,3923,130,2,577396000,,,0,0
meg2208,3938,10,5,2283000,,,0,0
jflewis,3929,1,16,360742000,,,0,0
chandraH1,3911,456,182,627447000,176788000,450659000,6,6
chandraH1,3932,123,4,114595000,100725000,13870000,3,3
rbaxter08,3921,32,5,504589000,74175000,430414000,1,1
jeffplourd,3930,0,0,93000,,,0,0
meg2208,3928,33,22,37560000,36842000,718000,1,1
jflewis,3925,6,4,77838000,46000,77792000,1,0
rbaxter08,3927,89,60,4544000,73000,4471000,3,1
larasanders-h1,3904,35,8,337734000,33481000,304253000,2,2
chandraH1,3912,36,16,171113000,83035000,88078000,1,1
djj211,3922,0,4,136000,,,0,0
rbaxter08,3913,20,2,101123000,1493000,99630000,4,3
jflewis,3920,0,4,376000,,,0,0
rbaxter08,3909,6,264,164420000,,,0,0
rbaxter08,3917,256,19,60875000,,,0,0
rbaxter08,3907,22,10,155346000,1632000,153714000,1,0
dnln,3870,67,1,1119688000,3944000,1115744000,1,1
jeffplourd,3918,30,16,35000,,,0,0
jflewis,3916,18,16,322000,,,0,0
jflewis,3915,29,10,6579000,1054000,5525000,1,1
meg2208,3903,482,93,315223000,232595000,82628000,3,2
jflewis,3906,2,5,69623000,,,0,0
jflewis,3908,8,1,68841000,,,0,0
jflewis,3895,279,17,358287000,87508000,270779000,4,4
jflewis,3910,21,18,890000,,,0,0
jeffplourd,3905,12,0,330000,,,0,0
jeffplourd,3902,112,1,306000,,,0,0
jeffplourd,3898,315,115770,72162000,,,0,0
jeffplourd,3899,315,114007,69696000,,,0,0
jeffplourd,3897,395,4593,72098000,,,0,0
jeffplourd,3892,98,21,157103000,88000,157015000,2,1
jflewis,3896,27,9,75001000,70651000,4350000,1,1
,3901,1,1,406000,,,0,0
rbaxter08,3887,364,99,175614000,2160000,173454000,2,1
,3900,1,1,16173000,,,0,0
jflewis,3890,1,1,161659000,,,0,0
tgrowden,3893,98,28,84748000,,,0,0
jflewis,3891,1,0,79515000,,,0,0
chandraH1,3894,210,10,14550000,8255000,6295000,2,2
rbaxter08,3889,1,1,85033000,,,0,0
rbaxter08,3888,29,1,1458000,,,0,0
rbaxter08,3886,63,14,75665000,74347000,1318000,1,1
jflewis,3882,567,455,166282000,153000,166129000,11,10
chandraH1,3885,114,4,7844000,,,0,0
,3879,27,26,89435000,23530000,65905000,2,2
jflewis,3883,4,1,67495000,,,0,0
jeffplourd,3884,0,487,1998000,,,0,0
larasanders-h1,3878,18,18,170744000,,,0,0
djj211,3881,6,6,4065000,,,0,0
rbaxter08,3877,5,5,240362000,,,0,0
djj211,3849,9,6,498772000,,,0,0
rbaxter08,3874,32,29,72255000,,,0,0
djj211,3873,92,16,71785000,,,0,0
dnln,3875,13,4,1770000,,,0,0
,3869,420,208,74077000,48135000,25942000,1,1
dnln,3872,13,7,2201000,,,0,0
dnln,3871,4,1,1203000,,,0,0
jeffplourd,3868,7,0,62460000,,,0,0
djj211,3858,4467,16,114572000,4909000,109663000,3,3
chandraH1,3841,23,2,629221000,97780000,531441000,7,7
jflewis,3855,157,0,167446000,17109000,150337000,1,1
rbaxter08,3863,0,34,75510000,73867000,1643000,1,1
rbaxter08,3861,329,474,79739000,,,0,0
rbaxter08,3857,0,351,91128000,,,0,0
djj211,3865,531,33,285000,,,0,0
tgrowden,3864,44,8,592000,,,0,0
rbaxter08,3854,243,63,84727000,85589000,-862000,1,1
tgrowden,3862,0,20,910000,,,0,0
rbaxter08,3860,243,63,2167000,,,0,0
rbaxter08,3845,77,24,419224000,,,0,0
rbaxter08,3859,63,243,31000,,,0,0
,3833,7,9,618374000,,,0,0
meg2208,3852,10,1,5283000,,,0,0
tgrowden,3853,2,2,978000,,,0,0
tgrowden,3851,436,4,229911000,229860000,51000,1,1
rbaxter08,3844,310,31,345113000,,,0,0
tgrowden,3850,71,21,6736000,1865000,4871000,1,1
meg2208,3685,40,5,3867189000,62377000,3804812000,1,0
rbaxter08,3847,8,5,65020000,4963000,60057000,1,1
tgrowden,3846,7,3,3426000,,,0,0
dnln,3843,23,13,1893000,,,0,0
rbaxter08,3842,1356,2884,70000,,,0,0
tgrowden,3832,9,1,157306000,,,0,0
tgrowden,3831,22,8,161103000,,,0,0
rbaxter08,3840,2884,1356,1687000,,,0,0
rbaxter08,3839,292,146,1691000,,,0,0
jeffplourd,3838,7,3,4824000,,,0,0
tgrowden,3830,264,32,172541000,161772000,10769000,2,2
rbaxter08,3836,239,162,4686000,88000,4598000,3,0
rbaxter08,3837,5,1,1513000,,,0,0
rbaxter08,3835,58,6,8092000,,,0,0
rbaxter08,3834,239,52,8277000,,,0,0
tgrowden,3827,147,21,261902000,,,0,0
chandraH1,3828,926,375,223643000,1194000,222449000,2,2
rbaxter08,3829,239,52,15245000,,,0,0
rbaxter08,3826,14,25,15187000,,,0,0
tgrowden,3824,450,45,64501000,,,0,0
rbaxter08,3825,2,1,55429000,,,0,0
rbaxter08,3823,52,36,1437000,,,0,0
rbaxter08,3822,105,44,12738000,105000,12633000,2,1
tgrowden,3816,137,20,88887000,,,0,0
dnln,3821,11,632,11129000,,,0,0
jeffplourd,3820,286,245,14000,,,0,0
jeffplourd,3819,2756,857,30000,,,0,0
rbaxter08,3818,15,7,390000,124000,266000,1,0
rbaxter08,3817,4,1,2370000,,,0,0
dnln,3815,58,0,542000,,,0,0
djj211,3814,45,92,1508000,,,0,0
rbaxter08,3813,11,2,1763000,47000,1716000,1,0
rbaxter08,3812,12,9,2586000,,,0,0
rbaxter08,3811,113,110,1302000,28000,1274000,1,0
rbaxter08,3809,34,28,63353000,33000,63320000,1,0
tgrowden,3808,264,37,64773000,,,0,0
PratikH1,3810,3,1,6330000,,,0,0
dnln,3804,50,21,65345000,,,0,0
PratikH1,3805,3,1,22256000,,,0,0
tgrowden,3807,64,15,8731000,,,0,0
jeffplourd,3806,26,0,9558000,3618000,5940000,1,1
dnln,3800,516,352,273388000,21077000,252311000,3,3
rbaxter08,3802,18,14,23328000,,,0,0
rbaxter08,3801,144,95,18920000,41000,18879000,2,0
jflewis,3803,2,8,5548000,155000,5393000,1,0
jflewis,3799,3,2,73888000,,,0,0
rbaxter08,3798,29,39,78408000,,,0,0
rbaxter08,3797,279,92,79946000,36000,79910000,1,0
jflewis,3796,111,12,141515000,,,0,0
rbaxter08,3794,71,21,161909000,,,0,0
PratikH1,3795,5,1,7740000,,,0,0
jflewis,3792,280,5,176401000,73814000,102587000,4,4
rbaxter08,3793,71,48,82092000,,,0,0
,3780,17,3,407334000,63243000,344091000,2,2
,3784,4,0,313239000,,,0,0
rbaxter08,3791,187,68,19417000,34000,19383000,2,1
rbaxter08,3790,62,1,23421000,,,0,0
rbaxter08,3789,31,15,29485000,,,0,0
rbaxter08,3782,92,26,272810000,,,0,0
rbaxter08,3779,161,71,356141000,48000,356093000,1,0
rbaxter08,3771,69,3,435879000,,,0,0
rbaxter08,3769,161,37,431538000,148816000,282722000,1,1
rbaxter08,3788,4,2,3378000,,,0,0
djj211,3786,27,24,5103000,,,0,0
jflewis,3785,60,33,240053000,53000,240000000,2,0
djj211,3787,27,24,1048000,,,0,0
rbaxter08,3783,1,1,255401000,,,0,0
jflewis,3774,23,2,159185000,,,0,0
dnln,3758,104,27,591131000,7462000,583669000,3,3
djj211,3781,27,24,833000,,,0,0
jflewis,3778,2,1,8978000,,,0,0
dnln,3772,4,1,74517000,,,0,0
jflewis,3768,24,48,26086000,3468000,22618000,1,1
djj211,3776,2,1,179000,,,0,0
djj211,3775,2,1,285000,,,0,0
djj211,3773,2,1,561000,,,0,0
fkrugerr,3760,36,12,415794000,412736000,3058000,1,1
,3767,69,40,11361000,,,0,0
jeffplourd,3766,19,7,62000,,,0,0
jeffplourd,3765,6427,7148,10000,,,0,0
rbaxter08,3764,13,6,784000,,,0,0
jflewis,3763,22,28,446000,,,0,0
,3726,1,1,699172000,,,0,0
PratikH1,3762,6,1,67177000,,,0,0
PratikH1,2851,19,34,55139000,,,0,0
PratikH1,2670,2811,150,8637000,3105000,5532000,8,8
jflewis,3754,342,49,406513000,341946000,64567000,3,3
dnln,3761,16,4,69225000,,,0,0
rbaxter08,3759,18,1,353000,64000,289000,1,0
rbaxter08,3757,86,5,57545000,17000,57528000,5,2
rbaxter08,3755,16,11,59018000,,,0,0
djj211,3756,3,1,4301000,,,0,0
djj211,3753,1,1,8387000,,,0,0
rbaxter08,3752,8,1,22689000,,,0,0
djj211,3750,251,245,19384000,14526000,4858000,3,3
rbaxter08,3751,37,8,2950000,,,0,0
rbaxter08,3745,8,2,87322000,,,0,0
fkrugerr,3746,2,2,82200000,,,0,0
dnln,3728,248,105,255320000,78143000,177177000,2,2
tgrowden,3702,170,60,841353000,,,0,0
PratikH1,3749,235,82,4704000,996000,3708000,2,2
PratikH1,3748,5,1,1017000,,,0,0
rbaxter08,3747,3,3,496000,,,0,0
rbaxter08,3739,54,34,78692000,7391000,71301000,1,1
rbaxter08,3743,17,9,62850000,,,0,0
djj211,3740,66,33,65732000,,,0,0
jflewis,3722,1,176,349114000,,,0,0
rbaxter08,3742,7,27,574000,,,0,0
PratikH1,3738,3,2,9447000,,,0,0
rbaxter08,3741,131,4,433000,,,0,0
djj211,3730,2,2,81527000,,,0,0
rbaxter08,3736,12,7,12529000,8450000,4079000,1,1
rbaxter08,3737,21,28,7415000,,,0,0
rbaxter08,3731,179,110,76413000,4008000,72405000,1,1
jflewis,3735,4,2,64410000,,,0,0
rbaxter08,3729,98,119,74170000,,,0,0
rbaxter08,3734,6,3,62240000,,,0,0
rbaxter08,3733,21,17,62529000,,,0,0
rbaxter08,3732,11,4,63052000,,,0,0
rbaxter08,3727,102,184,80035000,78208000,1827000,1,1
djj211,3711,69,28,452566000,,,0,0
jflewis,3721,19,1,268722000,23382000,245340000,2,2
jflewis,3719,79,175,317950000,,,0,0
rbaxter08,3723,99,36,237214000,,,0,0
rbaxter08,3720,133,98,258003000,43000,257960000,1,0
jflewis,3725,30,12,228734000,,,0,0
fkrugerr,3724,3,1,232898000,,,0,0
Kriordan,3666,190,162,1494311000,85944000,1408367000,8,8
djj211,3688,233,1,708724000,87536000,621188000,2,2
rbaxter08,3717,323,224,71092000,96000,70996000,3,1
djj211,3718,1,1,662000,,,0,0
djj211,3708,53,16,170379000,,,0,0
rbaxter08,3713,113,120,76631000,63351000,13280000,1,1
rbaxter08,3716,8,8,47550000,,,0,0
jflewis,3715,30,6,66064000,,,0,0
rbaxter08,3705,37,21,121084000,,,0,0
rbaxter08,3707,67,32,113262000,68070000,45192000,1,1
jeffplourd,3712,2,2,2276000,,,0,0
rbaxter08,3709,25,1,69399000,,,0,0
djj211,3703,8,5003,155828000,,,0,0
rbaxter08,3706,81,31,76020000,71189000,4831000,2,2
djj211,3710,1674,1083,488000,,,0,0
jflewis,3704,142,40,10205000,,,0,0
fkrugerr,3679,61,3,705932000,,,0,0
PratikH1,3695,22,12,356793000,348349000,8444000,1,1
djj211,3700,712,176,63065000,,,0,0
djj211,3698,19,15,81173000,,,0,0
Kriordan,3699,11,5,73894000,,,0,0
tgrowden,3701,2,20,440000,,,0,0
tgrowden,3694,1949,1,336840000,137000,336703000,4,0
jflewis,3684,76,54,515470000,,,0,0
rbaxter08,3669,159,69,1099944000,46000,1099898000,3,0
rbaxter08,3664,106,40,1119795000,,,0,0
rbaxter08,3665,36,8,1116545000,172461000,944084000,1,1
jflewis,3697,230,72,241252000,,,0,0
jflewis,3692,451,85,64612000,96000,64516000,1,0
jflewis,3696,85,451,159000,,,0,0
djj211,3690,67,2,90949000,,,0,0
djj211,3683,188,11,246154000,,,0,0
djj211,3689,22,76,86860000,,,0,0
tgrowden,3693,1,1,328000,,,0,0
MichaelSchwar3,3691,20,7,2437000,,,0,0
MichaelSchwar3,3661,426,33,880949000,90564000,790385000,3,3
jflewis,3687,10,0,72920000,70217000,2703000,1,1
PratikH1,3686,13,9,76066000,,,0,0
djj211,3680,23,6,157336000,,,0,0
Kriordan,3671,0,31,604159000,4975000,599184000,1,1
MichaelSchwar3,3682,124,115,81217000,59349000,21868000,3,3
jflewis,3676,156,73,319549000,308929000,10620000,3,3
jflewis,3678,24,16,241817000,235259000,6558000,1,1
Kriordan,3677,14,5,255115000,,,0,0
jflewis,3675,2,436,102224000,,,0,0
djj211,3649,97,7,697068000,,,0,0
Kriordan,3670,5,1,82526000,,,0,0
jeffplourd,3674,21,0,34000,,,0,0
jeffplourd,3673,4518,4182,24000,,,0,0
rbaxter08,3663,24,46,181544000,,,0,0
rbaxter08,3662,67,21,180275000,,,0,0
rbaxter08,3660,177,26,421010000,,,0,0
rbaxter08,3659,128,88,440127000,25000,440102000,2,0
rbaxter08,3658,74,99,443198000,63000,443135000,1,0
rbaxter08,3654,53,15,523680000,518975000,4705000,4,4
MichaelSchwar3,3668,21,0,336000,,,0,0
MichaelSchwar3,3667,21,0,8031000,,,0,0
rbaxter08,3650,144,28,179401000,,,0,0
tgrowden,3657,133,70,53759000,,,0,0
rbaxter08,3651,9,4,170363000,,,0,0
djj211,3656,23,7,61628000,,,0,0
MichaelSchwar3,3642,184,10,327578000,,,0,0
tgrowden,3646,252,382,193292000,,,0,0
djj211,3655,51,50,3336000,294000,3042000,1,1
djj211,3652,12,3,89751000,78643000,11108000,1,1
djj211,3653,1,1,77959000,,,0,0
djj211,3632,417,347,517705000,,,0,0
rbaxter08,3645,102,27,98670000,,,0,0
tgrowden,3648,421,40,79814000,60810000,19004000,1,1
djj211,3633,74,49,443519000,555000,442964000,5,0
rbaxter08,3634,186,1,435805000,,,0,0
tgrowden,3647,4,5,13294000,,,0,0
Kriordan,3639,12,2,343266000,240029000,103237000,1,1
rbaxter08,3631,202,47,423027000,358441000,64586000,1,1
jeffplourd,3643,34,9,2577000,,,0,0
jeffplourd,3644,34,9,16000,,,0,0
rbaxter08,3624,61,26,429815000,,,0,0
rbaxter08,3597,130,2,940458000,,,0,0
djj211,3636,36,32,14153000,746000,13407000,3,0
djj211,3638,7,0,8872000,,,0,0
djj211,3640,4,4,801000,,,0,0
djj211,3641,3,0,537000,,,0,0
djj211,3637,4,1,1286000,,,0,0
jeffplourd,3626,33,26,159913000,,,0,0
djj211,3635,3,3,438000,,,0,0
djj211,3629,8,2,24445000,20748000,3697000,1,1
rbaxter08,3630,10,0,6050000,,,0,0
Kriordan,3595,58,29,606145000,810000,605335000,2,2
Kriordan,3619,75,42,158572000,,,0,0
djj211,3628,40,10,3580000,,,0,0
jeffplourd,3627,9355,11634,24000,,,0,0
djj211,3625,2,1,520000,,,0,0
rbaxter08,3617,13,19,85131000,,,0,0
rbaxter08,3613,20,5,155702000,,,0,0
djj211,3618,56,34,80421000,52000,80369000,2,0
djj211,3621,10,27,63986000,,,0,0
djj211,3623,21,16,59205000,,,0,0
djj211,3622,13,3,58362000,,,0,0
djj211,3607,223,153,104109000,5481000,98628000,1,1
tgrowden,3620,21,27,801000,,,0,0
djj211,3614,157,123,79296000,218000,79078000,1,0
djj211,3609,51,9,94474000,,,0,0
tgrowden,3611,33,20,85898000,6581000,79317000,1,1
MichaelSchwar3,3615,18,8,3672000,,,0,0
MichaelSchwar3,3616,10,0,837000,,,0,0
rbaxter08,3606,96,2622,15355000,,,0,0
tgrowden,3612,6,2,465000,,,0,0
rbaxter08,3610,23,2,3525000,,,0,0
djj211,3608,80,24,3053000,,,0,0
rbaxter08,3593,780,73,423456000,415164000,8292000,2,2
djj211,3605,126,19,10590000,,,0,0
djj211,3602,422,39,254312000,41000,254271000,2,1
jeffplourd,3590,34,9,506852000,98421000,408431000,1,1
djj211,3599,11,4,320486000,,,0,0
djj211,3601,89,18,26611000,18573000,8038000,1,1
tgrowden,3604,81,4,2693000,,,0,0
tgrowden,3603,272,9,2947000,1049000,1898000,4,4
asensf,3600,198,129,20184000,173000,20011000,2,1
tgrowden,3598,357,33,69954000,3154000,66800000,4,4
djj211,3587,1932,176,600605000,416316000,184289000,3,3
djj211,3592,1252,234,90720000,77758000,12962000,2,2
djj211,3596,316,112,13859000,241000,13618000,5,2
larasanders-h1,3579,16,27,684485000,82699000,601786000,1,1
MichaelSchwar3,3594,87,44,10237000,3226000,7011000,2,2
rbaxter08,3584,4953,69,534780000,,,0,0
rbaxter08,3582,3550,53,537755000,,,0,0
rbaxter08,3581,3339,20,539203000,,,0,0
rbaxter08,3589,118,15,430768000,,,0,0
MichaelSchwar3,3591,234,13,73040000,,,0,0
djj211,3588,259,4085,389940000,39000,389901000,3,0
rbaxter08,3586,8,4,60048000,,,0,0
djj211,3578,245,139,122589000,,,0,0
djj211,3571,3,34,294626000,52000,294574000,1,0
djj211,3575,19,47,208489000,63000,208426000,3,0
PratikH1,3583,8,8,20042000,17980000,2062000,1,1
jeffplourd,3585,35,14,156000,,,0,0
jeffplourd,3580,5635,10697,67000,,,0,0
djj211,3576,7,7,87959000,,,0,0
rbaxter08,3577,2,2,5401000,,,0,0
jeffplourd,3572,16,2,73281000,,,0,0
djj211,3574,7,0,51308000,26000,51282000,1,0
djj211,3568,109,1609,274275000,105000,274170000,4,2
djj211,3560,427,5310,356449000,48000,356401000,5,0
djj211,3565,5,0,263598000,,,0,0
tgrowden,3548,8,2,842923000,,,0,0
rbaxter08,3569,2,2,1207000,,,0,0
rbaxter08,3570,29,10,592000,,,0,0
djj211,3567,4,1,763000,,,0,0
rbaxter08,3566,0,1,866000,148000,718000,1,1
djj211,3557,729,396,148999000,,,0,0
rbaxter08,3564,31,16,39389000,,,0,0
djj211,3563,0,1,51436000,,,0,0
djj211,3558,425,281,142942000,,,0,0
rbaxter08,3561,51,13,12895000,,,0,0
PratikH1,3562,6,6,1061000,,,0,0
rbaxter08,3559,66,15,12695000,,,0,0
rbaxter08,3556,41,22,157074000,,,0,0
rbaxter08,3555,114,57,166751000,,,0,0
rbaxter08,3553,50,16,170545000,,,0,0
djj211,3520,3553,752,770889000,71000,770818000,4,3
PratikH1,3545,3,7,408756000,,,0,0
djj211,3550,11,16,86094000,,,0,0
djj211,3549,86,18,85010000,80542000,4468000,1,1
djj211,3541,89,26,419482000,,,0,0
djj211,3524,80,42,629495000,,,0,0
djj211,3523,45,36,629623000,,,0,0
djj211,3522,486,462,629789000,,,0,0
djj211,3521,40,32,630100000,,,0,0
djj211,3530,56,1402,548112000,13586000,534526000,1,1
MichaelSchwar3,3552,10,0,60000,,,0,0
djj211,3551,212,3656,563000,,,0,0
rbaxter08,3543,126,8,91969000,64721000,27248000,1,1
tgrowden,3546,40,20,1538000,,,0,0
tgrowden,3547,40,20,1500000,,,0,0
rbaxter08,3540,12,5,82087000,,,0,0
rbaxter08,3539,13,5,81267000,,,0,0
djj211,3533,19,120,254767000,,,0,0
djj211,3526,656,3546,318823000,,,0,0
djj211,3532,91,65,198568000,,,0,0
tgrowden,3542,40,20,8451000,2121000,6330000,1,1
tgrowden,3544,10,1,869000,,,0,0
djj211,3528,48,1011,247450000,,,0,0
jeffplourd,3538,54,55,26000,,,0,0
jeffplourd,3537,2524,798,10000,,,0,0
djj211,3525,32,120,244767000,,,0,0
djj211,3495,210,180,683322000,36000,683286000,8,4
MichaelSchwar3,3536,54,55,7462000,,,0,0
MichaelSchwar3,3535,54,55,3803000,,,0,0
jeffplourd,3507,131,37,501686000,55735000,445951000,1,1
rbaxter08,3534,32,18,8110000,,,0,0
rbaxter08,3531,11,1,4939000,,,0,0
MichaelSchwar3,3529,9,6,4240000,,,0,0
rbaxter08,3527,48,38,503000,,,0,0
rbaxter08,3511,647,82,340147000,336499000,3648000,6,6
MichaelSchwar3,3499,588,298,492085000,56440000,435645000,3,3
rbaxter08,3508,60,16,348427000,106806000,241621000,2,2
rbaxter08,3504,324,126,414421000,182372000,232049000,1,1
MichaelSchwar3,3501,287,16,196717000,87915000,108802000,2,2
tgrowden,3518,1,1,7427000,,,0,0
tgrowden,3519,62,31,2950000,825000,2125000,1,1
PratikH1,3513,11,2,70770000,,,0,0
jeffplourd,3516,5239,1013,16000,,,0,0
jeffplourd,3517,1393,59,24000,,,0,0
rbaxter08,3515,7,2,183000,,,0,0
rbaxter08,3514,7,2,2610000,,,0,0
tgrowden,3512,200,13,614000,417000,197000,1,1
tgrowden,3509,11,6,1387000,,,0,0
tgrowden,3506,32,0,367000,,,0,0
tgrowden,3503,1147,46,3424000,588000,2836000,3,3
rbaxter08,3500,29,4,2273000,,,0,0
djj211,3497,21,9,67538000,,,0,0
jeffplourd,3496,7,3,3569000,,,0,0
rbaxter08,3492,224,4,74400000,,,0,0
rbaxter08,3491,409,350,75964000,26000,75938000,4,0
rbaxter08,3490,142,134,255758000,,,0,0
dnln,3432,24,0,1801648000,6942000,1794706000,2,2
jeffplourd,3489,4,2,7312000,,,0,0
larasanders-h1,3442,92,59,1466247000,93848000,1372399000,6,6
tgrowden,768,21,2,796000,,,0,0
tgrowden,750,15,17,8525000,,,0,0
rbaxter08,3485,407,266,187332000,179004000,8328000,2,2
jeffplourd,3488,27,3,77945000,,,0,0
djj211,3462,8,2,773771000,,,0,0
jeffplourd,3487,9,5,652000,,,0,0
djj211,3466,359,80,682108000,20000,682088000,3,0
jeffplourd,3484,80,13,351213000,324634000,26579000,2,2
rbaxter08,3482,67,13,343494000,,,0,0
djj211,3479,3,2,410505000,,,0,0
rbaxter08,3483,15,5,4316000,,,0,0
tgrowden,3476,1436,120,87288000,85283000,2005000,2,2
jeffplourd,3481,24,15,73664000,,,0,0
rbaxter08,3452,14,0,600743000,82000,600661000,2,0
jeffplourd,3480,199,35,59836000,,,0,0
MichaelSchwar3,3475,15,13,13578000,,,0,0
rbaxter08,3472,155,35,3660000,,,0,0
rbaxter08,3473,8,0,403000,,,0,0
jeffplourd,3471,17,37,145000,,,0,0
jeffplourd,3470,1086,723,95000,,,0,0
rbaxter08,3469,27,14,22495000,,,0,0
rbaxter08,3464,105,58,111645000,,,0,0
rbaxter08,3457,103,186,437728000,80000,437648000,2,0
MichaelSchwar3,3467,412,5,95448000,68105000,27343000,1,1
djj211,3461,64,15,167958000,11657000,156301000,1,1
jeffplourd,3468,49,36,68559000,13126000,55433000,1,1
PratikH1,3447,14,4,581271000,64026000,517245000,1,1
adamrisser,3465,1,1,310000,,,0,0
adamrisser,3463,1,1,3661000,,,0,0
rbaxter08,3439,31,24,41186000,,,0,0
rbaxter08,3434,85,1,85078000,63914000,21164000,2,2
rbaxter08,3415,41,3,1212473000,8702000,1203771000,2,2
rbaxter08,3441,115,20,252948000,249253000,3695000,1,1
rbaxter08,3448,2,1,422608000,,,0,0
rbaxter08,3445,164,80,174403000,169487000,4916000,1,1
rbaxter08,3446,88,19,509228000,173368000,335860000,1,0
stephen-h1,3456,4,2,243601000,570000,243031000,1,1
tgrowden,3460,12,34,84000,,,0,0
djj211,3459,9,2,526000,,,0,0
djj211,3458,31,9,2508000,452000,2056000,1,0
djj211,3455,7,1,213000,,,0,0
djj211,3454,151,80,2764000,1687000,1077000,2,1
djj211,3451,20,13,75341000,,,0,0
tgrowden,3453,12,34,1510000,,,0,0
djj211,3450,61,23,65855000,,,0,0
djj211,3449,5,3,28411000,,,0,0
jeffplourd,3443,4,1,70687000,68224000,2463000,1,1
djj211,3444,1,1,643000,,,0,0
djj211,3438,68,28,79071000,,,0,0
djj211,3440,1,6,12918000,,,0,0
tgrowden,3436,3,17,74269000,,,0,0
djj211,3437,79,78,64407000,,,0,0
stephen-h1,3367,2,1,1835281000,,,0,0
MichaelSchwar3,3435,18,8,1116000,,,0,0
tgrowden,3384,39,6,1627569000,3175000,1624394000,1,1
dnln,3433,0,1,1740000,,,0,0
jeffplourd,3428,3304,1200,18000,,,0,0
jeffplourd,3427,2,3,596000,,,0,0
rbaxter08,3325,134,18,88284000,95000,88189000,1,0
rbaxter08,3298,64,30,442913000,,,0,0
rbaxter08,3293,49,6,440860000,,,0,0
rbaxter08,3283,56,38,71317000,,,0,0
rbaxter08,3280,56,38,944000,,,0,0
rbaxter08,3278,14,7,486000,,,0,0
rbaxter08,3277,5,5,66490000,,,0,0
rbaxter08,3270,11,4,690000,,,0,0
rbaxter08,3269,41,27,4710000,3940000,770000,2,2
rbaxter08,3258,71,95,81581000,,,0,0
rbaxter08,3257,34,9,84600000,,,0,0
dnln,3429,0,143,949186000,,,0,0
djj211,3430,126,81,945416000,40000,945376000,2,0
djj211,3423,3,1,153620000,135934000,17686000,1,1
djj211,3424,64,54,83645000,162000,83483000,2,0
djj211,3426,20,8,59849000,24000,59825000,2,0
djj211,3422,180,139,148589000,83000,148506000,4,0
djj211,3425,1,2,239000,,,0,0
MichaelSchwar3,3420,29,21,4209000,,,0,0
MichaelSchwar3,3421,1,1,3966000,,,0,0
MichaelSchwar3,3419,29,21,1203000,,,0,0
djj211,3400,174,5,94165000,,,0,0
tgrowden,3389,12,0,436368000,,,0,0
MichaelSchwar3,3418,3,1,386000,,,0,0
MichaelSchwar3,3417,3,1,164000,,,0,0
djj211,3416,1,37,1267000,,,0,0
jeffplourd,3412,8,8,66166000,4149000,62017000,1,1
rbaxter08,3411,1,2,324000,,,0,0
rbaxter08,3394,1,0,143000,,,0,0
rbaxter08,3392,68,55,331000,,,0,0
rbaxter08,3385,11,18,57461000,,,0,0
rbaxter08,3383,99,24,61016000,,,0,0
rbaxter08,3374,158,164,203000,,,0,0
rbaxter08,3373,23,10,86372000,,,0,0
rbaxter08,3362,24,26,20174000,12206000,7968000,1,1
rbaxter08,3361,88,52,343268000,103000,343165000,1,0
rbaxter08,3346,17,2,878000,,,0,0
rbaxter08,3345,2,2,44000,,,0,0
djj211,3344,36,4,3196000,,,0,0
rbaxter08,3340,10,6,582000,,,0,0
rbaxter08,3339,4,3,1277000,,,0,0
rbaxter08,3332,258,177,80326000,,,0,0
djj211,3402,1,0,68031000,,,0,0
djj211,3406,4,1,64278000,,,0,0
djj211,3407,3,2,61639000,23000,61616000,1,0
djj211,3401,8,0,65658000,,,0,0
adamrisser,3414,1,10,350000,,,0,0
rbaxter08,3410,1,2,202000,,,0,0
MichaelSchwar3,3405,6,2,344000,,,0,0
MichaelSchwar3,3403,6,2,459000,,,0,0
djj211,3398,35,36,235327000,,,0,0
dnln,3368,110,79,578332000,,,0,0
adamrisser,3399,10,1,601000,,,0,0
djj211,3397,53,9,1195000,246000,949000,2,1
MichaelSchwar3,3391,25,6,73775000,54231000,19544000,3,3
MichaelSchwar3,3396,14,32,2633000,366000,2267000,2,2
djj211,3395,40,9,1539000,499000,1040000,2,1
jeffplourd,3390,124,3,81082000,70826000,10256000,2,2
djj211,3380,239,11,170792000,90293000,80499000,6,5
djj211,3387,27,8,98310000,21468000,76842000,2,2
MichaelSchwar3,3393,118,58,333000,192000,141000,1,1
MichaelSchwar3,3386,1,1,41355000,,,0,0
djj211,3377,164,159,103560000,31000,103529000,3,1
djj211,3388,1,1,16086000,,,0,0
tgrowden,3382,24,1,66864000,52000,66812000,1,0
djj211,3378,33,21,67234000,126000,67108000,1,0
djj211,3381,344,39,63288000,,,0,0
djj211,3379,1,16,3083000,,,0,0
djj211,3375,347,439,82024000,68157000,13867000,2,2
djj211,3371,34,11,161309000,63800000,97509000,2,2
djj211,3376,6,5,61982000,,,0,0
jeffplourd,3354,734,18,685836000,141474000,544362000,3,3
MichaelSchwar3,3370,35,5,87336000,,,0,0
djj211,3372,14,9,63389000,,,0,0
djj211,3366,16,27,7241000,,,0,0
djj211,3359,58,19,96936000,,,0,0
djj211,3363,125,18,83726000,,,0,0
djj211,3358,144,65,153848000,148710000,5138000,3,3
djj211,3365,41,47,3142000,,,0,0
jeffplourd,3364,1,1,2729000,,,0,0
MichaelSchwar3,3360,3,14,11521000,,,0,0
jeffplourd,3355,0,2,71398000,,,0,0
jeffplourd,3357,5978,4284,51000,,,0,0
jeffplourd,3356,12,9,80000,,,0,0
tgrowden,3349,124,225,89436000,,,0,0
MichaelSchwar3,3353,14,1,58928000,60077000,-1149000,1,1
dnln,3320,111,29,512737000,,,0,0
djj211,3352,93,100,2926000,,,0,0
tgrowden,3351,10,6,307000,,,0,0
tgrowden,3350,1,2,310000,,,0,0
tgrowden,3347,124,225,2978000,,,0,0
dnln,3348,1,1,2187000,,,0,0
djj211,3343,4,36,342000,,,0,0
tgrowden,3342,1,1,3330000,,,0,0
tgrowden,3341,1,1,62000,,,0,0
larasanders-h1,3331,150,818,91593000,,,0,0
djj211,3338,330,133,11774000,187000,11587000,2,2
djj211,3337,129,2,12465000,768000,11697000,2,2
djj211,3334,139,42,71238000,60968000,10270000,2,2
djj211,3324,380,835,170687000,31000,170656000,5,4
PratikH1,3335,4,2,62112000,53831000,8281000,1,1
MichaelSchwar3,3322,95,14,165979000,74567000,91412000,4,4
MichaelSchwar3,3333,2,2,62554000,,,0,0
dnln,3330,23,4,71606000,,,0,0
djj211,3317,320,453,166573000,146969000,19604000,3,3
djj211,3326,0,77,72373000,,,0,0
djj211,3263,183,74,1214195000,9453000,1204742000,2,1
MichaelSchwar3,3329,5,8,60792000,,,0,0
djj211,3327,4,1,61804000,,,0,0
tgrowden,3328,4,2,1989000,,,0,0
PratikH1,3323,3,3,10757000,,,0,0
stephen-h1,3247,1855,1394,1883323000,,,0,0
djj211,3273,28,4,1022051000,,,0,0
tgrowden,3299,2,38,584444000,,,0,0
tgrowden,3312,6,0,83429000,,,0,0
tgrowden,3309,3,1,87594000,,,0,0
tgrowden,3316,222,169,67498000,2179000,65319000,3,3
dnln,3301,18,10,502168000,,,0,0
